item,aliases,category,material,disposal_action,why,sustainability_tip,special_handling,confidence_note,source,source_url
"Banana peel","banana skin;fruit peel","Organic/Biodegradable","Food waste","Place in the appropriate wet/organic waste stream or compost where locally supported","Banana peel is biodegradable organic waste","Compost suitable food waste where locally supported","Keep separate from dry recyclable waste","Local collection systems may differ","CPCB Solid Waste Management Rules guidance","https://cpcb.nic.in/uploads/MSW/Salient_features_SWM_Rules.pdf"
"Vegetable peels","vegetable waste;kitchen peels","Organic/Biodegradable","Food waste","Place in the appropriate wet/organic waste stream or compost where locally supported","Vegetable peels are biodegradable organic waste","Reduce food waste and compost suitable organic material","Keep separate from dry waste","Local collection systems may differ","CPCB Solid Waste Management Rules guidance","https://cpcb.nic.in/uploads/MSW/Salient_features_SWM_Rules.pdf"
"Food leftovers","food scraps;cooked food waste","Organic/Biodegradable","Food waste","Place in the appropriate wet/organic waste stream or compost where locally supported","Food waste is biodegradable and should generally be kept separate from dry recyclables","Reduce food waste and compost suitable leftovers","Do not mix with recyclable dry waste","Local waste systems may specify separate wet-waste collection","CPCB Solid Waste Management Rules guidance","https://cpcb.nic.in/uploads/MSW/Salient_features_SWM_Rules.pdf"
"Paper","waste paper;office paper","Recyclable/Dry Waste","Paper","Keep dry and place in the appropriate dry/recyclable waste stream","Clean paper can generally enter paper-recycling streams","Use both sides before recycling","Keep away from wet waste","Acceptance depends on local collection systems","CPCB Solid Waste Management Rules guidance","https://cpcb.nic.in/uploads/MSW/Salient_features_SWM_Rules.pdf"
"Newspaper","old newspaper;newsprint","Recyclable/Dry Waste","Paper","Keep dry and give to an appropriate recyclable-waste collection channel","Newspaper is a paper material commonly recovered for recycling","Reuse for suitable household purposes before recycling","Keep away from wet waste","Local recyclers may have specific acceptance rules","CPCB Solid Waste Management Rules guidance","https://cpcb.nic.in/uploads/MSW/Salient_features_SWM_Rules.pdf"
"Cardboard","carton;corrugated cardboard;box","Recyclable/Dry Waste","Paper/Cardboard","Flatten and keep dry for the appropriate recyclable-waste collection channel","Clean cardboard can generally be recovered for recycling","Reuse boxes when practical","Remove excessive food contamination","Local collection systems may differ","CPCB Solid Waste Management Rules guidance","https://cpcb.nic.in/uploads/MSW/Salient_features_SWM_Rules.pdf"
"Plastic bottle","PET bottle;water bottle;beverage bottle","Plastic Waste","Plastic/PET","Empty and segregate for the appropriate local plastic-waste or recycling channel","Plastic packaging can be collected and channelized through waste-management systems","Reuse suitable containers when appropriate and recycle when accepted","Do not burn plastic waste","Local plastic collection and recycling availability varies","CPCB Consolidated Guidelines for Plastic Waste","https://cpcb.nic.in/uploads/plasticwaste/consolidate_guidelines_for_disposal_of_pw.pdf"
"Plastic container","food container;plastic tub;plastic box","Plastic Waste","Plastic","Empty and segregate for the appropriate local plastic-waste or recycling channel","Plastic containers are plastic waste and may be recyclable depending on the local system","Prefer reusable containers where practical","Remove food residue where practical","Recycling acceptance varies by material and local system","CPCB Consolidated Guidelines for Plastic Waste","https://cpcb.nic.in/uploads/plasticwaste/consolidate_guidelines_for_disposal_of_pw.pdf"
"Plastic bag","polythene bag;carry bag;plastic carry bag","Plastic Waste","Plastic","Segregate and hand over through the appropriate local plastic-waste collection channel","Plastic bags are plastic waste requiring appropriate collection and processing","Prefer reusable bags to reduce single-use plastic","Do not burn or litter plastic bags","Local collection and acceptance may differ","CPCB Consolidated Guidelines for Plastic Waste","https://cpcb.nic.in/uploads/plasticwaste/consolidate_guidelines_for_disposal_of_pw.pdf"
"Plastic wrapper","snack wrapper;food wrapper;plastic packaging","Plastic Waste","Plastic packaging","Segregate and hand over through an appropriate local plastic-waste channel","Plastic packaging should be kept out of organic waste where collection systems support separate segregation","Avoid unnecessary single-use packaging","Do not burn plastic waste","Acceptance depends on local collection and processing facilities","CPCB Consolidated Guidelines for Plastic Waste","https://cpcb.nic.in/uploads/plasticwaste/consolidate_guidelines_for_disposal_of_pw.pdf"
"Glass bottle","glass jar;beverage glass bottle","Recyclable/Dry Waste","Glass","Keep separate and hand over through the appropriate recyclable-waste collection channel","Glass can be recovered and recycled through suitable systems","Reuse intact containers where appropriate","Handle broken glass carefully","Local collection systems may differ","CPCB Solid Waste Management Rules guidance","https://cpcb.nic.in/uploads/MSW/Salient_features_SWM_Rules.pdf"
"Broken glass","shattered glass;glass pieces","Special Handling","Glass","Keep separate from loose household waste and follow the local guidance for broken glass","Broken glass can cause injury and should not be mixed carelessly with other waste","Reuse or recycle intact glass when possible","Handle carefully and keep contained","Follow local collection instructions for broken glass","CPCB Solid Waste Management Rules guidance","https://cpcb.nic.in/uploads/MSW/Salient_features_SWM_Rules.pdf"
"Aluminum can","aluminium can;soft drink can;beverage can","Recyclable/Dry Waste","Aluminum","Empty and place in the appropriate recyclable-waste collection channel","Aluminum is a recyclable material when collected through suitable systems","Recycle aluminum to conserve material resources","Keep reasonably clean and dry","Local recyclers may have acceptance requirements","CPCB Solid Waste Management Rules guidance","https://cpcb.nic.in/uploads/MSW/Salient_features_SWM_Rules.pdf"
"Steel can","tin can;metal can;food can","Recyclable/Dry Waste","Steel/Metal","Empty and place in the appropriate recyclable-waste collection channel","Metal cans can generally be recovered through recycling systems","Recycle metal instead of discarding it with wet waste","Remove food residue where practical","Local recyclers may have acceptance requirements","CPCB Solid Waste Management Rules guidance","https://cpcb.nic.in/uploads/MSW/Salient_features_SWM_Rules.pdf"
"Old mobile phone","smartphone;cell phone;mobile","e-Waste","Electronic components","Use an authorized or registered e-waste collection or recycling channel applicable to the local area","Electronic devices require specialized handling and appropriate e-waste channels","Repair, reuse or refurbish functioning devices where practical","May contain a battery; do not mix with ordinary waste","Local requirements and collection options may differ","E-Waste Management Rules 2022","https://moef.gov.in/uploads/2022/11/E-Waste-Management-Rules-2022.pdf"
"Phone charger","mobile charger;USB charger;charging adapter","e-Waste","Electrical/electronic components","Use an appropriate authorized or registered e-waste collection or recycling channel","Electrical accessories are electronic waste when discarded","Reuse working chargers with compatible equipment where appropriate","Do not mix discarded electronic equipment with wet waste","Local e-waste collection options may differ","E-Waste Management Rules 2022","https://moef.gov.in/uploads/2022/11/E-Waste-Management-Rules-2022.pdf"
"Computer","desktop computer;PC;personal computer","e-Waste","Electronic equipment","Use an authorized or registered e-waste collection or recycling channel","Computers are electrical and electronic equipment requiring appropriate e-waste management","Repair, upgrade, reuse or refurbish where practical","Protect personal data before handing over the device","Use authorized or registered channels; local options differ","E-Waste Management Rules 2022","https://moef.gov.in/uploads/2022/11/E-Waste-Management-Rules-2022.pdf"
"Keyboard","computer keyboard;USB keyboard","e-Waste","Electronic components","Use an appropriate authorized or registered e-waste collection or recycling channel","Discarded electronic accessories are handled as e-waste","Reuse working accessories where practical","Keep separate from wet waste","Local e-waste collection options may differ","E-Waste Management Rules 2022","https://moef.gov.in/uploads/2022/11/E-Waste-Management-Rules-2022.pdf"
"Mouse","computer mouse;USB mouse","e-Waste","Electronic components","Use an appropriate authorized or registered e-waste collection or recycling channel","Discarded electronic accessories require appropriate e-waste handling","Reuse working accessories where practical","Keep separate from wet waste","Local e-waste collection options may differ","E-Waste Management Rules 2022","https://moef.gov.in/uploads/2022/11/E-Waste-Management-Rules-2022.pdf"
"Earphones","headphones;wired earphones;earbuds","e-Waste","Electronic components","Use an appropriate authorized or registered e-waste collection or recycling channel","Electronic accessories can enter e-waste streams when discarded","Reuse working accessories where practical","Some wireless products may contain batteries","Local e-waste collection options may differ","E-Waste Management Rules 2022","https://moef.gov.in/uploads/2022/11/E-Waste-Management-Rules-2022.pdf"
"Battery","used battery;dry cell;household battery","Battery Waste","Battery","Use an appropriate battery collection or recycling channel and do not mix with ordinary household waste","Waste batteries are managed separately under battery-waste rules","Use rechargeable batteries where appropriate and collect spent batteries for proper management","Do not burn, crush or dismantle waste batteries","Follow current local collection and authorized-channel guidance","Battery Waste Management Rules 2022","https://cpcb.nic.in/uploads/hwmd/Battery-WasteManagementRules-2022.pdf"
"Lithium-ion battery","Li-ion battery;phone battery;rechargeable battery","Battery Waste","Lithium-ion battery","Use an appropriate battery collection or recycling channel and follow local authorized collection guidance","Lithium-ion batteries require appropriate waste-battery management","Extend battery life and recycle spent batteries through appropriate channels","Do not crush, puncture, burn or dismantle a waste battery","Follow current local and authorized collection guidance","Battery Waste Management Rules 2022","https://cpcb.nic.in/uploads/hwmd/Battery-WasteManagementRules-2022.pdf"
"Fluorescent bulb","CFL;fluorescent lamp;tube light","Special Handling","Electrical/electronic components","Use an appropriate authorized collection or e-waste channel where supported locally","Some lamps contain hazardous components and require careful handling","Use energy-efficient lighting and dispose of spent lamps through appropriate channels","Avoid breaking the lamp","Local collection requirements may differ","E-Waste Management Rules 2022","https://moef.gov.in/uploads/2022/11/E-Waste-Management-Rules-2022.pdf"
"Used cooking oil","waste cooking oil;leftover frying oil","Special Handling","Used cooking oil","Keep used cooking oil separate and follow the appropriate local collection or disposal guidance","Pouring waste oil into drains can cause environmental and plumbing problems","Reduce food waste and reuse cooking oil only when appropriate for food safety","Do not pour used oil into drains","Local collection options may differ","CPCB waste-management guidance","https://cpcb.nic.in/"
"Old clothes","worn clothes;textiles;used clothing","Reusable/Textile Waste","Textile","Donate, reuse, repair or use the appropriate local textile or waste-collection channel","Textiles can often be reused or recovered instead of immediately discarded","Repair and reuse clothing where practical","Keep donated items reasonably clean and dry","Local textile collection options vary","CPCB Solid Waste Management Rules guidance","https://cpcb.nic.in/uploads/MSW/Salient_features_SWM_Rules.pdf"
"Shoes","old shoes;footwear;used footwear","Reusable/Textile Waste","Textile/Rubber/Leather","Donate, reuse or use an appropriate local collection channel where available","Usable footwear can often be reused rather than discarded","Repair and reuse footwear where practical","Separate heavily damaged items according to local guidance","Local collection options vary","CPCB Solid Waste Management Rules guidance","https://cpcb.nic.in/uploads/MSW/Salient_features_SWM_Rules.pdf"
"Wooden furniture","old furniture;wooden chair;wooden table","Bulky Waste","Wood","Reuse, repair or contact the local authority or appropriate collection service for bulky waste","Furniture can often be reused or repaired and should not be mixed with ordinary wet waste","Repair, refurbish or donate usable furniture","Large items may require separate collection","Follow local bulky-waste collection arrangements","CPCB Solid Waste Management Rules guidance","https://cpcb.nic.in/uploads/MSW/Salient_features_SWM_Rules.pdf"
"Metal utensils","steel utensils;aluminum utensils;old cookware","Recyclable/Dry Waste","Metal","Reuse where possible or give to an appropriate metal-recycling collection channel","Metal can generally be recovered through suitable recycling systems","Reuse or repair utensils where practical","Keep separate from wet waste","Local recyclers may have acceptance requirements","CPCB Solid Waste Management Rules guidance","https://cpcb.nic.in/uploads/MSW/Salient_features_SWM_Rules.pdf"
"Ceramic plate","broken plate;ceramic dish;ceramic cup","Special Handling","Ceramic","Reuse intact items where practical and follow local guidance for broken ceramic waste","Ceramic is different from container glass and may not be accepted in glass recycling","Reuse intact ceramics or donate usable items","Handle broken pieces carefully","Do not assume ceramic belongs in glass recycling","CPCB Solid Waste Management Rules guidance","https://cpcb.nic.in/uploads/MSW/Salient_features_SWM_Rules.pdf"
"Electronic accessories","USB cable;computer cable;electronic accessory","e-Waste","Electrical/electronic components","Use an appropriate authorized or registered e-waste collection or recycling channel","Discarded electrical and electronic accessories can enter e-waste management systems","Reuse compatible accessories where practical","Keep separate from wet waste","Local e-waste collection options may differ","E-Waste Management Rules 2022","https://moef.gov.in/uploads/2022/11/E-Waste-Management-Rules-2022.pdf"